<?xml version = "1.0"?>
<?xml-stylesheet type = "text/xsl" href = "car1.xsl"?>
<class> 
   <series id = "11">
      <name>Breaking Bad</name> 
      <creator>Vince Gilligan</founder> 
      <platform>Netflix</platform>
   </series>
   <series id = "12">
      <name>Better Call Saul</name> 
      <creator>Vince Gilligan</creator> 
      <platform>Netflix</platform>
   </series>
   <series id = "13">
      <name>Chernobyl</name> 
      <creator>Craig Mazin</creator> 
      <platform>HBO</platform>
   </series>
   <series id = "14">
      <name>Sherlock</name> 
      <creator>Mark Gatiss Steven Moffat</creator> 
      <platform>BBC</platform>
   </series>
 
</class>
